Workbook

Sheet Zeitschreibung
D1: Stundenaufzeichung
F4: Jänner | I4: 2026
A6: Vormonat
A7: Datum | B7: Tag | C7: Feiert. | D7: Anw. | E7: Montage | F7: Ü/50% | G7: Ü/100% | H7: Weg | I7: Urlaub | J7: ZA + | K7: ZA - | L7: Krank/Arzt | M7: Summe | N7: Bemerkung
A8: =IF(F4="Jänner",CONCATENATE("01",".","01",".",I4),IF(F4="Februar",CONCATENATE("01",".","02",".",I4),IF(F4="März",CONCATENATE("01",".","03",".",I4),IF(F4="April",CONCATENATE("01",".","04",".",I4),IF(F4="Mai",CONCATENATE("01",".","05",".",I4),IF(F4="Juni",CONCATENATE("01",".","06",".",I4),IF(F4="Juli",CONCATENATE("01",".","07",".",I4),IF(F4="August",CONCATENATE("01",".","08",".",I4),IF(F4="September",CONCATENATE("01",".","09",".",I4),IF(F4="Oktober",CONCATENATE("01",".","10",".",I4),IF(F4="November",CONCATENATE("01",".","11",".",I4),IF(F4="Dezember",CONCATENATE("01",".","12",".",I4)))))))))))))+1-1 -> 46174 | B8: =IF(WEEKDAY(A8,2)=1,"Mo",IF(WEEKDAY(A8,2)=2,"Di",IF(WEEKDAY(A8,2)=3,"Mi",IF(WEEKDAY(A8,2)=4,"Do",IF(WEEKDAY(A8,2)=5,"Fr",IF(WEEKDAY(A8,2)=6,"Sa",IF(WEEKDAY(A8,2)=7,"So"))))))) -> Mo | C8: =IF(ISNA(VLOOKUP(A8,Ferienberechnung!$B$3:$C$22,2,FALSE)),"",VLOOKUP(A8,Ferienberechnung!$B$3:$C$22,2,FALSE)) | M8: =SUM(D8:I8)+K8+L8 -> 8.5
A9: =A8+1 -> 46175 | B9: =IF(WEEKDAY(A9,2)=1,"Mo",IF(WEEKDAY(A9,2)=2,"Di",IF(WEEKDAY(A9,2)=3,"Mi",IF(WEEKDAY(A9,2)=4,"Do",IF(WEEKDAY(A9,2)=5,"Fr",IF(WEEKDAY(A9,2)=6,"Sa",IF(WEEKDAY(A9,2)=7,"So"))))))) -> Di | C9: =IF(ISNA(VLOOKUP(A9,Ferienberechnung!$B$3:$C$22,2,FALSE)),"",VLOOKUP(A9,Ferienberechnung!$B$3:$C$22,2,FALSE)) | M9: =SUM(D9:I9)+K9+L9 -> 8.5
A10: =A9+1 -> 46176 | B10: =IF(WEEKDAY(A10,2)=1,"Mo",IF(WEEKDAY(A10,2)=2,"Di",IF(WEEKDAY(A10,2)=3,"Mi",IF(WEEKDAY(A10,2)=4,"Do",IF(WEEKDAY(A10,2)=5,"Fr",IF(WEEKDAY(A10,2)=6,"Sa",IF(WEEKDAY(A10,2)=7,"So"))))))) -> Mi | C10: =IF(ISNA(VLOOKUP(A10,Ferienberechnung!$B$3:$C$22,2,FALSE)),"",VLOOKUP(A10,Ferienberechnung!$B$3:$C$22,2,FALSE)) | M10: =SUM(D10:I10)+K10+L10 -> 8.56
A11: =A10+1 -> 46177 | B11: =IF(WEEKDAY(A11,2)=1,"Mo",IF(WEEKDAY(A11,2)=2,"Di",IF(WEEKDAY(A11,2)=3,"Mi",IF(WEEKDAY(A11,2)=4,"Do",IF(WEEKDAY(A11,2)=5,"Fr",IF(WEEKDAY(A11,2)=6,"Sa",IF(WEEKDAY(A11,2)=7,"So"))))))) -> Do | C11: =IF(ISNA(VLOOKUP(A11,Ferienberechnung!$B$3:$C$22,2,FALSE)),"",VLOOKUP(A11,Ferienberechnung!$B$3:$C$22,2,FALSE)) -> Frohenleichnam | M11: =SUM(D11:I11)+K11+L11 -> 0
A12: =A11+1 -> 46178 | B12: =IF(WEEKDAY(A12,2)=1,"Mo",IF(WEEKDAY(A12,2)=2,"Di",IF(WEEKDAY(A12,2)=3,"Mi",IF(WEEKDAY(A12,2)=4,"Do",IF(WEEKDAY(A12,2)=5,"Fr",IF(WEEKDAY(A12,2)=6,"Sa",IF(WEEKDAY(A12,2)=7,"So"))))))) -> Fr | C12: =IF(ISNA(VLOOKUP(A12,Ferienberechnung!$B$3:$C$22,2,FALSE)),"",VLOOKUP(A12,Ferienberechnung!$B$3:$C$22,2,FALSE)) | M12: =SUM(D12:I12)+K12+L12 -> 4.75
A13: =A12+1 -> 46179 | B13: =IF(WEEKDAY(A13,2)=1,"Mo",IF(WEEKDAY(A13,2)=2,"Di",IF(WEEKDAY(A13,2)=3,"Mi",IF(WEEKDAY(A13,2)=4,"Do",IF(WEEKDAY(A13,2)=5,"Fr",IF(WEEKDAY(A13,2)=6,"Sa",IF(WEEKDAY(A13,2)=7,"So"))))))) -> Sa | C13: =IF(ISNA(VLOOKUP(A13,Ferienberechnung!$B$3:$C$22,2,FALSE)),"",VLOOKUP(A13,Ferienberechnung!$B$3:$C$22,2,FALSE)) | M13: =SUM(D13:I13)+K13+L13 -> 0
A14: =A13+1 -> 46180 | B14: =IF(WEEKDAY(A14,2)=1,"Mo",IF(WEEKDAY(A14,2)=2,"Di",IF(WEEKDAY(A14,2)=3,"Mi",IF(WEEKDAY(A14,2)=4,"Do",IF(WEEKDAY(A14,2)=5,"Fr",IF(WEEKDAY(A14,2)=6,"Sa",IF(WEEKDAY(A14,2)=7,"So"))))))) -> So | C14: =IF(ISNA(VLOOKUP(A14,Ferienberechnung!$B$3:$C$22,2,FALSE)),"",VLOOKUP(A14,Ferienberechnung!$B$3:$C$22,2,FALSE)) | M14: =SUM(D14:I14)+K14+L14 -> 0
A15: =A14+1 -> 46181 | B15: =IF(WEEKDAY(A15,2)=1,"Mo",IF(WEEKDAY(A15,2)=2,"Di",IF(WEEKDAY(A15,2)=3,"Mi",IF(WEEKDAY(A15,2)=4,"Do",IF(WEEKDAY(A15,2)=5,"Fr",IF(WEEKDAY(A15,2)=6,"Sa",IF(WEEKDAY(A15,2)=7,"So"))))))) -> Mo | C15: =IF(ISNA(VLOOKUP(A15,Ferienberechnung!$B$3:$C$22,2,FALSE)),"",VLOOKUP(A15,Ferienberechnung!$B$3:$C$22,2,FALSE)) | M15: =SUM(D15:I15)+K15+L15 -> 9
A16: =A15+1 -> 46182 | B16: =IF(WEEKDAY(A16,2)=1,"Mo",IF(WEEKDAY(A16,2)=2,"Di",IF(WEEKDAY(A16,2)=3,"Mi",IF(WEEKDAY(A16,2)=4,"Do",IF(WEEKDAY(A16,2)=5,"Fr",IF(WEEKDAY(A16,2)=6,"Sa",IF(WEEKDAY(A16,2)=7,"So"))))))) -> Di | C16: =IF(ISNA(VLOOKUP(A16,Ferienberechnung!$B$3:$C$22,2,FALSE)),"",VLOOKUP(A16,Ferienberechnung!$B$3:$C$22,2,FALSE)) | M16: =SUM(D16:I16)+K16+L16 -> 9.25
A17: =A16+1 -> 46183 | B17: =IF(WEEKDAY(A17,2)=1,"Mo",IF(WEEKDAY(A17,2)=2,"Di",IF(WEEKDAY(A17,2)=3,"Mi",IF(WEEKDAY(A17,2)=4,"Do",IF(WEEKDAY(A17,2)=5,"Fr",IF(WEEKDAY(A17,2)=6,"Sa",IF(WEEKDAY(A17,2)=7,"So"))))))) -> Mi | C17: =IF(ISNA(VLOOKUP(A17,Ferienberechnung!$B$3:$C$22,2,FALSE)),"",VLOOKUP(A17,Ferienberechnung!$B$3:$C$22,2,FALSE)) | M17: =SUM(D17:I17)+K17+L17 -> 12
A18: =A17+1 -> 46184 | B18: =IF(WEEKDAY(A18,2)=1,"Mo",IF(WEEKDAY(A18,2)=2,"Di",IF(WEEKDAY(A18,2)=3,"Mi",IF(WEEKDAY(A18,2)=4,"Do",IF(WEEKDAY(A18,2)=5,"Fr",IF(WEEKDAY(A18,2)=6,"Sa",IF(WEEKDAY(A18,2)=7,"So"))))))) -> Do | C18: =IF(ISNA(VLOOKUP(A18,Ferienberechnung!$B$3:$C$22,2,FALSE)),"",VLOOKUP(A18,Ferienberechnung!$B$3:$C$22,2,FALSE)) | M18: =SUM(D18:I18)+K18+L18 -> 9.256
A19: =A18+1 -> 46185 | B19: =IF(WEEKDAY(A19,2)=1,"Mo",IF(WEEKDAY(A19,2)=2,"Di",IF(WEEKDAY(A19,2)=3,"Mi",IF(WEEKDAY(A19,2)=4,"Do",IF(WEEKDAY(A19,2)=5,"Fr",IF(WEEKDAY(A19,2)=6,"Sa",IF(WEEKDAY(A19,2)=7,"So"))))))) -> Fr | C19: =IF(ISNA(VLOOKUP(A19,Ferienberechnung!$B$3:$C$22,2,FALSE)),"",VLOOKUP(A19,Ferienberechnung!$B$3:$C$22,2,FALSE)) | M19: =SUM(D19:I19)+K19+L19 -> 17
A20: =A19+1 -> 46186 | B20: =IF(WEEKDAY(A20,2)=1,"Mo",IF(WEEKDAY(A20,2)=2,"Di",IF(WEEKDAY(A20,2)=3,"Mi",IF(WEEKDAY(A20,2)=4,"Do",IF(WEEKDAY(A20,2)=5,"Fr",IF(WEEKDAY(A20,2)=6,"Sa",IF(WEEKDAY(A20,2)=7,"So"))))))) -> Sa | C20: =IF(ISNA(VLOOKUP(A20,Ferienberechnung!$B$3:$C$22,2,FALSE)),"",VLOOKUP(A20,Ferienberechnung!$B$3:$C$22,2,FALSE)) | M20: =SUM(D20:I20)+K20+L20 -> 9.25
... A35: =A34+1 -> 46201 | B35: =IF(WEEKDAY(A35,2)=1,"Mo",IF(WEEKDAY(A35,2)=2,"Di",IF(WEEKDAY(A35,2)=3,"Mi",IF(WEEKDAY(A35,2)=4,"Do",IF(WEEKDAY(A35,2)=5,"Fr",IF(WEEKDAY(A35,2)=6,"Sa",IF(WEEKDAY(A35,2)=7,"So"))))))) -> So | C35: =IF(ISNA(VLOOKUP(A35,Ferienberechnung!$B$3:$C$22,2,FALSE)),"",VLOOKUP(A35,Ferienberechnung!$B$3:$C$22,2,FALSE)) | M35: =SUM(D35:I35)+K35+L35 -> 0
A36: =IF(MONTH(A$8)=MONTH(A35+1),A35+1,"") -> 46202 | B36: =IF(A36="","",IF(WEEKDAY(A36,2)=1,"Mo",IF(WEEKDAY(A36,2)=2,"Di",IF(WEEKDAY(A36,2)=3,"Mi",IF(WEEKDAY(A36,2)=4,"Do",IF(WEEKDAY(A36,2)=5,"Fr",IF(WEEKDAY(A36,2)=6,"Sa",IF(WEEKDAY(A36,2)=7,"So")))))))) -> Mo | C36: =IF(ISNA(VLOOKUP(A36,Ferienberechnung!$B$3:$C$22,2,FALSE)),"",VLOOKUP(A36,Ferienberechnung!$B$3:$C$22,2,FALSE)) | M36: =SUM(D36:I36)+K36+L36 -> 9.75
A37: =IF(A35="","",IF(MONTH(A$8)=MONTH(A35+2),A35+2,"")) -> 46203 | B37: =IF(A37="","",IF(WEEKDAY(A37,2)=1,"Mo",IF(WEEKDAY(A37,2)=2,"Di",IF(WEEKDAY(A37,2)=3,"Mi",IF(WEEKDAY(A37,2)=4,"Do",IF(WEEKDAY(A37,2)=5,"Fr",IF(WEEKDAY(A37,2)=6,"Sa",IF(WEEKDAY(A37,2)=7,"So")))))))) -> Di | C37: =IF(ISNA(VLOOKUP(A37,Ferienberechnung!$B$3:$C$22,2,FALSE)),"",VLOOKUP(A37,Ferienberechnung!$B$3:$C$22,2,FALSE)) | M37: =SUM(D37:I37)+K37+L37 -> 10
A38: =IF(A37="","",IF(MONTH(A$8)=MONTH(A35+3),A37+1,"")) | B38: =IF(A38="","",IF(WEEKDAY(A38,2)=1,"Mo",IF(WEEKDAY(A38,2)=2,"Di",IF(WEEKDAY(A38,2)=3,"Mi",IF(WEEKDAY(A38,2)=4,"Do",IF(WEEKDAY(A38,2)=5,"Fr",IF(WEEKDAY(A38,2)=6,"Sa",IF(WEEKDAY(A38,2)=7,"So")))))))) | C38: =IF(ISNA(VLOOKUP(A38,Ferienberechnung!$B$3:$C$22,2,FALSE)),"",VLOOKUP(A38,Ferienberechnung!$B$3:$C$22,2,FALSE)) | M38: =SUM(D38:I38)+K38+L38 -> 0
A39: Gesam: | B39: =D39+E39+F39+G39+H39-I39+J39-K39-L39-P39 -> 182.696 | D39: =SUM(D8:D38) -> 39.756 | E39: =SUM(E8:E38) -> 96.75 | F39: =SUM(F8:F38) -> 23.25 | G39: =SUM(G8:G38) -> 8.25 | H39: =SUM(H8:H38) -> 41.75 | I39: =SUM(I8:I38) -> 30.31 | J39: =SUM(J8:J38) -> 3.75 | K39: =SUM(K8:K38) -> 0.5 | ... M39: =SUM(M8:M38) -> 240.566 | P39: =SUM(P8:P38) -> 0

Sheet Ferienberechnung
A2: Datum | B2: ='Zeitschreibung'!I4 -> 2026
A3: Ostersonntag | B3: =DOLLAR((DAY(MINUTE($B$2/38)/2+55)&".4."&$B$2)/7,)*7-IF(YEAR(1)=1904,5,6) -> 46117 | C3: Ostersonntag
A5: Ostermontag | B5: =B3+1 -> 46118 | C5: Ostermontag
A7: Christi Himmelfahrt | B7: =B3+39 -> 46156 | C7: Ch.Himmelf.
A8: Pfingstsonntag | B8: =B3+49 -> 46166 | C8: Pfingstsonntag
A9: Pfingstsmontag | B9: =B3+50 -> 46167 | C9: Pfingstsmon.
A10: Frohenleichnam | B10: =B3+60 -> 46177 | C10: Frohenleichnam
A12: Neujahr | B12: =DATE(B2,1,1) -> 46023 | C12: Neujahr
A13: Heilige Dreikönige | B13: =DATE($B$2,1,6) -> 46028 | C13: Hl. Dreikönige
A14: Staatsfeiertag | B14: =DATE($B$2,5,1) -> 46143 | C14: Staatsfeiertag
A15: Nationalfeiertag | B15: =DATE($B$2,10,26) -> 46321 | C15: Nationalfeiertag
A16: Allerheiligen | B16: =DATE($B$2,11,1) -> 46327 | C16: Allerheiligen | D16: =B16 -> 46327
A17: Maria Himmerlfahrt | B17: =DATE($B$2,8,15) -> 46249 | C17: Maria Himmelf.
A18: Heiliger Abend | B18: =DATE($B$2,12,24) -> 46380 | C18: Heiliger Abend
A19: Weihnachten | B19: =DATE($B$2,12,25) -> 46381 | C19: Weihnachten
A20: Stefani | B20: =DATE($B$2,12,26) -> 46382 | C20: Stefani
A21: Maria Empfängniss | B21: =DATE($B$2,12,8) -> 46364 | C21: Maria Empf.
A22: Silvester | B22: =DATE($B$2,12,31) -> 46387 | C22: Silvester

Sheet Drop Down
A1: Jänner
A2: Februar
A3: März
A4: April
A5: Mai
A6: Juni
A7: Juli
A8: August
A9: September
A10: Oktober
A11: November
A12: Dezember
